,Unnamed: 0,gpuName,G3Dmark,G2Dmark,price,gpuValue,TDP,testDate,category,brnd
0,0,GeForce RTX 3090 Ti,29094,1117,167999.2,13.85,341.0,2022,Unknown,NVIDIA
1,1,GeForce RTX 3080 Ti,26887,1031,95999.2,22.41,310.0,2021,Desktop,NVIDIA
2,2,GeForce RTX 3090,26395,999,139999.2,15.08,312.0,2020,Desktop,NVIDIA
3,3,Radeon RX 6900 XT,25458,1102,89624.8,22.72,306.0,2020,Desktop,AMD
4,4,GeForce RTX 3080,24853,1003,79920.0,24.88,293.0,2020,Desktop,NVIDIA
5,5,GeForce RTX 3070 Ti,23367,1003,59999.2,31.16,281.0,2021,Desktop,NVIDIA
6,6,Radeon RX 6800 XT,23364,1078,68720.0,27.2,288.0,2020,Desktop,AMD
7,7,RTX A5000,22867,984,210496.0,8.69,299.0,2021,Workstation,AMD
8,8,RTX A6000,22122,832,399999.2,4.42,312.0,2021,Workstation,AMD
9,9,GeForce RTX 3070,22093,969,57599.2,30.69,270.0,2020,Desktop,NVIDIA
10,10,GeForce RTX 2080 Ti,21796,940,79887.2,21.83,269.0,2018,Desktop,NVIDIA
11,11,RTX A4500,21546,892,170771.2,10.09,278.0,2022,Unknown,AMD
12,12,Radeon RX 6800,20667,1030,60719.2,27.23,266.0,2020,Desktop,AMD
13,13,GeForce RTX 3060 Ti,20206,961,47999.2,33.68,256.0,2020,Desktop,NVIDIA
14,14,TITAN RTX,20169,844,223599.2,7.22,274.0,2018,Workstation,AMD
15,15,Quadro RTX 6000,19692,837,504000.0,3.13,314.0,2018,Workstation,NVIDIA
16,16,GeForce RTX 2080 SUPER,19519,934,54719.2,28.54,251.0,2019,Desktop,NVIDIA
17,19,Quadro RTX 8000,19126,801,379319.2,4.03,288.0,2019,Workstation,NVIDIA
18,20,Radeon RX 6700 XT,18993,1014,42399.2,35.84,252.0,2021,Desktop,AMD
19,21,RTX A4000,18988,938,98718.4,15.39,255.0,2021,Workstation,AMD
20,22,TITAN V,18816,845,159999.2,9.41,256.0,2017,Desktop,AMD
21,23,Radeon PRO W6800,18802,914,175599.2,8.57,263.0,2021,Unknown,AMD
22,24,GeForce RTX 2080,18732,917,50642.4,29.59,244.0,2018,Desktop,NVIDIA
23,27,GeForce GTX 1080 Ti,18284,934,48332.0,30.26,242.0,2017,Desktop,NVIDIA
24,28,NVIDIA TITAN Xp,18280,812,131600.0,11.11,246.0,2017,Desktop,AMD
25,29,GeForce RTX 2070 SUPER,18168,896,49104.0,29.6,239.0,2019,Desktop,NVIDIA
26,30,Quadro GV100,17675,841,719920.0,1.96,335.0,2018,Workstation,NVIDIA
27,32,GeForce RTX 3060,16958,951,26320.0,51.55,232.0,2021,Desktop,NVIDIA
28,33,Radeon RX 5700 XT,16892,955,55595.2,24.31,236.0,2019,Desktop,AMD
29,35,Radeon VII,16767,788,151996.0,8.82,238.0,2019,Desktop,AMD
30,38,GeForce RTX 2060 SUPER,16514,881,42311.2,31.22,226.0,2019,Desktop,NVIDIA
31,44,GeForce RTX 2070,16079,833,50195.2,25.63,221.0,2018,Desktop,NVIDIA
32,47,Radeon RX 6600 XT,15853,1003,31999.2,39.63,230.0,2021,Desktop,AMD
33,48,Quadro P6000,15811,773,260000.0,4.87,247.0,2016,Workstation,NVIDIA
34,49,Quadro RTX 4000,15515,904,71920.0,17.26,226.0,2019,Workstation,NVIDIA
35,50,GeForce GTX 1080,15265,890,35423.2,34.47,218.0,2016,Desktop,NVIDIA
36,53,Radeon Pro W5700,15085,908,131999.2,9.14,233.0,2020,Desktop,AMD
37,56,Radeon RX 5700,14729,926,71996.0,16.37,223.0,2019,Desktop,AMD
38,57,Radeon RX Vega 64,14636,810,63999.2,18.3,213.0,2017,Desktop,AMD
39,59,GeForce GTX 1070 Ti,14500,877,31120.0,37.28,212.0,2017,Desktop,NVIDIA
40,62,Radeon Pro WX 8200,14110,824,127951.2,8.82,220.0,2018,Desktop,AMD
41,64,GeForce RTX 2060,13953,752,31199.2,35.78,199.0,2019,Desktop,NVIDIA
42,67,GeForce GTX 980 Ti,13864,854,57552.0,19.27,210.0,2015,Desktop,NVIDIA
43,68,Radeon RX 5600 XT,13836,914,43600.0,25.39,212.0,2020,Desktop,AMD
44,69,Radeon Vega Frontier Edition,13748,753,134399.2,8.18,214.0,2017,Desktop,AMD
45,71,GeForce RTX 2080 with Max-Q Design,13681,574,167999.2,6.51,205.0,2019,Mobile,NVIDIA
46,72,NVIDIA TITAN X,13660,912,48648.0,22.46,212.0,2016,Desktop,AMD
47,73,Radeon RX Vega 56,13636,784,60239.2,18.11,204.0,2017,Desktop,AMD
48,75,GeForce GTX 1070,13482,857,27404.0,39.36,203.0,2016,Desktop,NVIDIA
49,79,GeForce GTX TITAN X,13173,843,87759.2,12.01,210.0,2015,Desktop,NVIDIA
50,80,RTX A2000,13128,928,67679.2,15.52,213.0,2021,Unknown,AMD
51,83,GeForce GTX 1660 SUPER,12732,823,26399.2,38.58,196.0,2019,Desktop,NVIDIA
52,85,GeForce RTX 3060 Laptop GPU,12674,551,38399.2,26.41,177.0,2021,Mobile,NVIDIA
53,95,Quadro P5000,11976,701,149519.2,6.41,201.0,2016,Workstation,NVIDIA
54,98,GeForce GTX 1660 Ti,11794,702,27999.2,33.7,181.0,2019,Desktop,NVIDIA
55,99,GeForce GTX 1660,11695,796,31999.2,29.24,188.0,2019,Desktop,NVIDIA
56,104,Quadro P4000,11422,820,44495.2,20.54,190.0,2017,Workstation,NVIDIA
57,105,Quadro M6000,11397,788,87998.4,10.36,194.0,2015,Workstation,NVIDIA
58,107,GeForce GTX 980,11237,815,19788.0,45.43,185.0,2014,Desktop,NVIDIA
59,109,Tesla T4,11113,567,388318.4,2.29,222.0,2020,Unknown,NVIDIA
60,111,Radeon Pro SSG,10498,601,192812.0,4.36,191.0,2018,Unknown,AMD
61,117,Tesla M40,10117,364,48000.0,16.86,148.0,2021,Unknown,NVIDIA
62,119,GeForce GTX 1060,10070,762,22399.2,35.97,174.0,2016,Desktop,NVIDIA
63,120,GeForce GTX 1650 SUPER,10032,761,35284.0,22.75,176.0,2019,Desktop,NVIDIA
64,125,Radeon R9 Fury + Fury X,9741,811,35999.2,21.65,178.0,2015,Desktop,AMD
65,126,GeForce GTX 1060 3GB,9728,779,24400.0,31.9,174.0,2016,Desktop,NVIDIA
66,127,GeForce GTX 970,9688,781,19039.2,40.71,173.0,2014,Desktop,NVIDIA
67,128,Radeon RX 590,9665,810,43999.2,17.57,179.0,2018,Desktop,AMD
68,129,Radeon R9 Fury,9551,791,35448.0,21.56,175.0,2015,Unknown,AMD
69,131,Quadro P2200,9486,971,46173.6,16.43,190.0,2019,Workstation,NVIDIA
70,134,Radeon RX 6500 XT,9445,910,15999.2,47.23,180.0,2022,Unknown,AMD
71,135,GeForce GTX 780 Ti,9312,626,27199.2,27.39,160.0,2013,Desktop,NVIDIA
72,136,Radeon Pro W5500,9269,896,38479.2,19.27,182.0,2020,Desktop,AMD
73,137,Quadro M5000,9262,679,39920.0,18.56,166.0,2015,Workstation,NVIDIA
74,139,GeForce GTX TITAN Z,9189,648,121200.0,6.07,175.0,2014,Desktop,NVIDIA
75,140,Radeon RX 5500 XT,9188,824,35920.0,20.46,175.0,2019,Desktop,AMD
76,141,GeForce GTX TITAN Black,9140,616,41999.2,17.41,160.0,2014,Desktop,NVIDIA
77,142,Radeon RX 6600M,9094,698,27199.2,26.75,164.0,2021,Unknown,AMD
78,144,GeForce RTX 3050 Laptop GPU,9037,416,30399.2,23.78,143.0,2021,Mobile,NVIDIA
79,147,Radeon RX 580,8907,772,27920.0,25.52,169.0,2017,Desktop,AMD
80,152,GeForce GTX 1060 5GB,8704,680,39039.2,17.84,162.0,2018,Desktop,NVIDIA
81,153,Radeon RX 480,8674,779,27199.2,25.51,167.0,2016,Desktop,AMD
82,154,Quadro P3200,8663,510,31144.0,22.25,148.0,2018,Unknown,NVIDIA
83,157,Radeon R9 295X2,8619,804,39928.0,17.27,171.0,2014,Desktop,AMD
84,159,GeForce GTX Titan,8556,660,59600.0,11.48,163.0,2013,Desktop,NVIDIA
85,162,Radeon R9 290X / 390X,8389,699,25599.2,26.22,159.0,2013,Desktop,AMD
86,163,Radeon Pro Duo,8324,715,95924.8,6.94,171.0,2016,Desktop,AMD
87,167,Radeon R9 290 / 390,8150,695,30400.0,21.45,158.0,2013,Desktop,AMD
88,168,Quadro K6000,8108,556,31360.0,20.68,148.0,2013,Workstation,NVIDIA
89,169,Radeon RX 470/570,8070,726,31119.2,20.74,160.0,2016,Desktop,AMD
90,170,GeForce GTX 780,8022,601,22399.2,28.65,149.0,2013,Desktop,NVIDIA
91,176,T1000,7829,831,30057.6,20.84,167.0,2021,Unknown,AMD
92,177,Radeon Pro WX 7100,7822,787,83839.2,7.46,172.0,2016,Workstation,AMD
93,178,GeForce GTX 1650,7807,592,16720.0,37.35,146.0,2019,Desktop,NVIDIA
94,180,Tesla M60,7771,563,63032.0,9.86,151.0,2017,Unknown,NVIDIA
95,184,FirePro W9100,7719,790,138399.2,4.46,179.0,2014,Workstation,AMD
96,188,Tesla M6,7509,441,15920.0,37.73,133.0,2018,Unknown,NVIDIA
97,191,FirePro W8100,7327,759,56320.0,10.41,162.0,2014,Workstation,AMD
98,193,GeForce GTX 980M,7317,514,23199.2,25.23,138.0,2014,Mobile,NVIDIA
99,195,Quadro T2000,7169,479,42268.0,13.57,138.0,2019,Mobile,NVIDIA
100,197,Quadro P2000,7096,692,43360.0,13.09,154.0,2017,Workstation,NVIDIA
101,200,Radeon RX 6400,6958,899,12799.2,43.49,164.0,2022,Unknown,AMD
102,202,Quadro M5000M,6807,482,43753.6,12.45,136.0,2016,"Mobile, Workstation",NVIDIA
103,208,Quadro M4000,6644,689,28960.0,18.35,148.0,2015,Workstation,NVIDIA
104,211,Quadro M4000M,6530,471,20392.8,25.62,130.0,2015,"Mobile, Workstation",NVIDIA
105,212,Quadro T1000,6513,448,35359.2,14.74,130.0,2019,Mobile,NVIDIA
106,213,T600,6509,738,19920.0,26.14,150.0,2021,Unknown,AMD
107,216,GeForce GTX 1050 Ti,6314,651,15153.6,33.33,141.0,2016,Desktop,NVIDIA
108,218,FirePro S7150,6276,866,135839.2,3.7,176.0,2016,Unknown,AMD
109,219,Radeon R9 380,6275,675,7199.2,69.73,142.0,2016,Desktop,AMD
110,220,Radeon R9 380X,6189,670,27999.2,17.68,144.0,2015,Desktop,AMD
111,221,FirePro W9000,6138,720,67600.0,7.26,153.0,2012,Workstation,AMD
112,223,GeForce GTX 960,6042,671,13760.0,35.13,141.0,2015,Desktop,NVIDIA
113,228,GeForce GTX 770,5892,551,19920.0,23.66,132.0,2013,Desktop,NVIDIA
114,232,Quadro K5200,5780,501,33200.0,13.93,129.0,2014,Workstation,NVIDIA
115,233,GeForce GTX 970M,5761,406,16799.2,27.44,120.0,2014,Mobile,NVIDIA
116,235,Quadro M3000M,5678,432,12796.0,35.5,121.0,2015,"Mobile, Workstation",NVIDIA
117,238,GeForce GTX 690,5654,458,22479.2,20.12,124.0,2012,Desktop,NVIDIA
118,240,Radeon HD 7990,5566,766,31999.2,13.91,148.0,2013,Desktop,AMD
119,241,Radeon R9 285 / 380,5550,655,38800.0,11.44,141.0,2015,Desktop,AMD
120,242,GeForce GTX 680,5535,528,31920.0,13.87,130.0,2012,Desktop,NVIDIA
121,244,Radeon Pro WX 5100,5511,820,44076.0,10.0,154.0,2016,Workstation,AMD
122,247,GeForce GTX 950,5392,641,11359.2,37.98,134.0,2015,Desktop,NVIDIA
123,250,GeForce GTX 670,5304,523,15518.4,27.34,125.0,2012,Desktop,NVIDIA
124,251,Radeon HD 7970 / R9 280X,5248,730,19759.2,21.25,141.0,2012,Desktop,AMD
125,253,GeForce GTX 760 Ti,5206,555,23800.0,17.5,129.0,2014,Desktop,NVIDIA
126,255,FirePro W7100,5175,667,31144.0,13.29,138.0,2015,Workstation,AMD
127,257,Radeon R9 M295X,5150,832,115920.0,3.55,163.0,2014,Mobile,AMD
128,259,GeForce GTX 1050,5090,475,16248.0,25.06,121.0,2016,Desktop,NVIDIA
129,266,Barco MXRT 7600,4944,442,48207.2,8.2,122.0,2018,Unknown,AMD
130,267,Radeon R9 270X,4923,607,26120.0,15.08,131.0,2013,Desktop,AMD
131,270,GeForce GTX 760,4775,523,11920.0,32.05,122.0,2013,Desktop,NVIDIA
132,272,Radeon HD 7950 / R9 280,4765,691,20798.4,18.33,136.0,2012,Desktop,AMD
133,275,Radeon R9 370,4722,781,12799.2,29.51,141.0,2016,Desktop,AMD
134,277,Radeon HD 7870,4661,587,14080.0,26.49,126.0,2012,Desktop,AMD
135,280,GeForce GTX 580,4538,456,11193.6,32.43,115.0,2012,Desktop,NVIDIA
136,284,Quadro P1000,4466,659,17056.0,20.95,131.0,2017,Workstation,NVIDIA
137,287,P104-100,4450,114,23999.2,14.83,91.0,2020,Unknown,AMD
138,290,GeForce GTX 660 Ti,4367,449,11520.0,30.33,113.0,2012,Desktop,NVIDIA
139,291,Quadro M2200,4342,385,19999.2,17.37,110.0,2017,"Mobile, Workstation",NVIDIA
140,294,Quadro K4200,4337,502,19920.0,17.42,119.0,2014,Workstation,NVIDIA
141,295,Barco MXRT 7500,4319,762,23920.0,14.45,139.0,2015,Unknown,AMD
142,301,FirePro W7000,4276,551,22244.0,15.38,122.0,2012,Workstation,AMD
143,303,Radeon R9 270 / R7 370,4260,645,17052.8,19.98,128.0,2013,Desktop,AMD
144,306,FirePro S7000,4166,615,19723.2,16.9,126.0,2014,Workstation,AMD
145,308,FirePro W8000,4138,570,45840.0,7.22,126.0,2013,Workstation,AMD
146,309,Radeon RX 460,4114,570,13344.8,24.66,121.0,2016,Desktop,AMD
147,310,GeForce GTX 480,4110,447,13599.2,24.18,112.0,2012,Desktop,NVIDIA
148,313,GeForce GTX 660,4004,476,13436.0,23.84,114.0,2012,Desktop,NVIDIA
149,315,Quadro M2000,3942,565,21139.2,14.92,121.0,2016,Workstation,NVIDIA
150,317,GeForce GTX 750 Ti,3919,498,7048.8,44.48,114.0,2014,Desktop,NVIDIA
151,318,GeForce GTX 570,3902,466,11999.2,26.02,112.0,2012,Desktop,NVIDIA
152,319,Quadro K5000,3901,435,19920.0,15.67,111.0,2012,Workstation,NVIDIA
153,322,Quadro K2200M,3877,432,9996.0,31.02,109.0,2015,Unknown,NVIDIA
154,324,Radeon HD 8970M,3876,807,11199.2,27.69,137.0,2014,Mobile,AMD
155,328,Radeon HD 7850,3826,550,13599.2,22.51,118.0,2012,Desktop,AMD
156,332,Radeon Pro WX 4100,3766,690,39999.2,7.53,132.0,2017,Desktop,AMD
157,333,GeForce GTX 780M,3755,386,39920.0,7.52,109.0,2013,Mobile,NVIDIA
158,336,Quadro P620,3640,575,18919.2,15.39,120.0,2018,Workstation,NVIDIA
159,337,T400,3627,561,12559.2,23.1,117.0,2021,Unknown,AMD
160,339,Radeon RX 560,3594,506,18072.8,15.91,114.0,2017,Desktop,AMD
161,344,Quadro K2200,3541,534,21464.0,13.2,116.0,2014,Workstation,NVIDIA
162,345,Quadro M2000M,3539,342,17052.8,16.6,101.0,2015,"Mobile, Workstation",NVIDIA
163,346,Tesla C2050,3515,493,21599.2,13.02,113.0,2010,Unknown,NVIDIA
164,348,Tesla M10,3490,522,215600.0,1.3,145.0,2019,Unknown,NVIDIA
165,352,GeForce GTX 960M,3419,245,93520.0,2.92,105.0,2015,Mobile,NVIDIA
166,354,GeForce GTX 750,3399,480,17599.2,15.45,111.0,2014,Desktop,NVIDIA
167,355,GRID K520,3399,174,11999.2,22.66,87.0,2013,Workstation,AMD
168,364,Quadro P600,3324,482,26079.2,10.2,112.0,2017,Workstation,NVIDIA
169,366,GeForce GTX 590,3307,470,34800.0,7.6,112.0,2011,Desktop,NVIDIA
170,367,Quadro K5100M,3266,418,88707.2,2.95,116.0,2014,Workstation,NVIDIA
171,368,GeForce 770M,3246,500,14159.2,18.34,111.0,2016,Unknown,NVIDIA
172,376,GeForce GTX 470,3147,381,4799.2,52.45,100.0,2012,Desktop,NVIDIA
173,377,Radeon R7 260X,3147,506,11199.2,22.48,110.0,2013,Desktop,AMD
174,378,Radeon Pro 555,3141,659,83920.0,2.99,133.0,2017,Unknown,AMD
175,380,Tesla C2075,3118,589,51680.0,4.83,122.0,2012,Unknown,NVIDIA
176,381,Radeon Pro 455,3113,705,35920.0,6.93,129.0,2018,Unknown,AMD
177,382,Tesla C2070,3101,494,48320.0,5.13,115.0,2011,Workstation,NVIDIA
178,384,Radeon HD 7790,3090,459,11199.2,22.07,106.0,2013,Desktop,AMD
179,385,GeForce GTX 680M,3077,348,10879.2,22.62,98.0,2012,Mobile,NVIDIA
180,386,FirePro W5000,3056,587,14720.0,16.61,116.0,2012,Workstation,AMD
181,387,GeForce GTX 560 Ti,3056,416,10399.2,23.51,103.0,2012,Desktop,NVIDIA
182,388,GeForce GTX 860M,3045,226,9120.0,26.71,88.0,2014,Mobile,NVIDIA
183,390,Radeon R7 360,3034,495,11679.2,20.78,109.0,2015,Desktop,AMD
184,391,Radeon R9 360,3032,460,10711.2,22.64,106.0,2015,Desktop,AMD
185,395,Radeon HD 6990,3013,630,39879.2,6.04,123.0,2011,Desktop,AMD
186,396,Quadro M1000M,2987,335,6879.2,34.74,96.0,2015,"Mobile, Workstation",NVIDIA
187,398,FirePro W5100,2957,541,10079.2,23.47,111.0,2014,Workstation,AMD
188,401,Radeon R7 260,2892,559,7199.2,32.13,112.0,2014,Desktop,AMD
189,403,Quadro K1200,2874,575,16320.0,14.09,114.0,2015,Workstation,NVIDIA
190,404,FirePro W4300,2863,771,19199.2,11.93,130.0,2016,Workstation,AMD
191,405,Radeon HD 6970,2863,430,11999.2,19.09,103.0,2012,Desktop,AMD
192,412,FirePro 3D V9800,2812,556,199920.0,1.13,141.0,2011,Workstation,AMD
193,413,GeForce GTX 770M,2786,327,11040.0,20.19,94.0,2013,Mobile,NVIDIA
194,418,Quadro K4100M,2756,352,20903.2,10.55,98.0,2013,Workstation,NVIDIA
195,420,Quadro K5000M,2754,363,40712.8,5.41,101.0,2012,Workstation,NVIDIA
196,422,GRID K2,2737,319,355999.2,0.61,146.0,2013,Workstation,AMD
197,423,FirePro V9800,2727,655,37920.0,5.75,123.0,2016,Unknown,AMD
198,425,Radeon RX 550,2718,484,12619.2,17.23,106.0,2017,Desktop,AMD
199,427,GeForce GTX 560,2711,418,16400.0,13.23,102.0,2012,Desktop,NVIDIA
200,430,Barco MXRT 5500,2702,510,23920.0,9.04,110.0,2018,Unknown,AMD
201,431,Quadro K4000,2700,419,21600.0,10.0,102.0,2012,Workstation,NVIDIA
202,433,Quadro 6000,2689,458,327390.4,0.66,152.0,2010,Workstation,NVIDIA
203,436,GeForce GTX 465,2681,454,15600.0,13.75,104.0,2012,Desktop,NVIDIA
204,440,Radeon HD 6950,2650,421,11199.2,18.93,101.0,2012,Desktop,AMD
205,441,FirePro R5000,2647,625,8799.2,24.06,116.0,2016,Unknown,AMD
206,445,Radeon Pro,2615,681,14828.0,14.11,121.0,2021,Unknown,AMD
207,450,GeForce GTX 950M,2602,219,45360.0,4.59,90.0,2015,Mobile,NVIDIA
208,459,GeForce GT 1030,2545,449,8799.2,23.13,102.0,2017,Desktop,NVIDIA
209,466,GeForce GTX 650 Ti,2527,400,7444.0,27.16,98.0,2012,Desktop,NVIDIA
210,475,Radeon Pro WX 3200,2456,478,17359.2,11.32,105.0,2019,Mobile,AMD
211,477,FirePro 3D V8800,2438,632,33999.2,5.74,119.0,2010,Workstation,AMD
212,486,GeForce GTX 580M,2373,455,19894.4,9.54,103.0,2011,Mobile,NVIDIA
213,497,FirePro V7900,2310,324,15200.0,12.16,92.0,2011,Workstation,AMD
214,498,GeForce MX150,2310,218,4743.2,38.97,82.0,2017,Mobile,NVIDIA
215,503,GeForce GTX 460,2289,381,7199.2,25.44,95.0,2012,Desktop,NVIDIA
216,508,Radeon HD 6970M,2270,656,17279.2,10.51,117.0,2011,Mobile,AMD
217,509,Radeon R7 250X,2269,637,15520.0,11.7,115.0,2015,Desktop,AMD
218,511,Radeon HD 5870,2266,410,23600.0,7.68,99.0,2012,Desktop,AMD
219,512,Quadro K3100M,2263,327,31996.0,5.66,94.0,2013,Workstation,NVIDIA
220,513,Radeon HD 5970,2249,393,14399.2,12.5,97.0,2012,Desktop,AMD
221,514,Quadro K620,2246,472,162399.2,1.11,125.0,2014,Workstation,NVIDIA
222,515,FirePro V8800,2223,471,15840.0,11.23,102.0,2020,Unknown,AMD
223,517,Radeon HD 6870,2223,397,22000.0,8.08,98.0,2012,Desktop,AMD
224,520,Radeon HD 7770,2204,471,24000.0,7.35,104.0,2012,Desktop,AMD
225,528,GeForce GTX 745,2175,469,22796.0,7.63,103.0,2014,Desktop,NVIDIA
226,537,Radeon RX Vega 11,2137,535,80160.0,2.13,117.0,2018,Desktop,AMD
227,538,Quadro P520,2126,253,119920.0,1.42,101.0,2019,Unknown,NVIDIA
228,543,GeForce GTX 560 SE,2087,413,7199.2,23.19,96.0,2012,Desktop,NVIDIA
229,550,FirePro V7800,2034,290,15200.0,10.7,88.0,2018,Unknown,AMD
230,557,Quadro M600M,2008,446,20159.2,7.97,100.0,2015,"Mobile, Workstation",NVIDIA
231,559,Radeon R9 350,2007,552,23920.0,6.71,108.0,2016,Desktop,AMD
232,561,GeForce GTX 460 v2,2005,459,15999.2,10.02,100.0,2011,Desktop,NVIDIA
233,564,Quadro 5000,1982,376,189512.0,0.84,120.0,2010,Workstation,NVIDIA
234,567,Radeon HD 6850,1979,425,6800.0,23.29,96.0,2012,Desktop,AMD
235,569,GeForce GTX 460 SE,1974,359,12799.2,12.34,92.0,2012,Desktop,NVIDIA
236,571,GeForce GTX 765M,1972,277,14904.0,10.59,86.0,2013,Mobile,NVIDIA
237,572,Radeon HD 5850,1966,404,23119.2,6.8,97.0,2012,Desktop,AMD
238,573,Radeon R7 450,1966,573,23920.0,6.58,110.0,2016,Desktop,AMD
239,577,Radeon 550,1959,501,7999.2,19.59,102.0,2022,Unknown,AMD
240,581,Quadro K4000M,1949,351,20320.0,7.67,92.0,2012,Workstation,NVIDIA
241,585,Radeon Pro WX 4150,1935,413,48962.4,3.16,101.0,2017,Mobile,AMD
242,588,Radeon RX 570X,1923,750,22399.2,6.87,123.0,2020,Desktop,AMD
243,597,Quadro 5010M,1891,366,18876.0,8.02,93.0,2011,Workstation,NVIDIA
244,600,FirePro 3D V7800,1867,562,47999.2,3.11,112.0,2010,Workstation,AMD
245,610,FirePro M6000,1820,776,26079.2,5.58,125.0,2012,Workstation,AMD
246,629,GeForce GTX 650,1769,346,8798.4,16.08,89.0,2012,Desktop,NVIDIA
247,632,FirePro W600,1752,631,33199.2,4.22,114.0,2013,Workstation,AMD
248,635,Radeon HD 5830,1735,382,20719.2,6.7,93.0,2012,Desktop,AMD
249,642,Radeon HD 7750,1696,398,7999.2,16.97,92.0,2012,Desktop,AMD
250,652,Quadro K3000M,1626,360,32604.8,3.99,93.0,2012,Workstation,NVIDIA
251,657,Quadro K2000D,1614,396,27199.2,4.75,95.0,2013,Workstation,NVIDIA
252,658,Quadro P400,1614,427,16093.6,8.02,95.0,2017,Workstation,NVIDIA
253,659,Radeon HD 6790,1613,370,23520.0,5.49,92.0,2011,Desktop,AMD
254,662,FirePro M4000,1597,410,5826.4,21.92,92.0,2012,Workstation,AMD
255,664,Radeon Vega 8,1593,421,10148.8,12.56,94.0,2018,"Desktop, Mobile",AMD
256,669,Quadro K2000,1567,371,23520.0,5.33,92.0,2013,Workstation,NVIDIA
257,671,GeForce GTX 550 Ti,1557,363,7999.2,15.57,89.0,2012,Desktop,NVIDIA
258,678,GeForce GTX 285,1550,117,9599.2,12.92,71.0,2009,Desktop,NVIDIA
259,681,FirePro W4100,1541,535,14720.0,8.38,103.0,2014,Workstation,AMD
260,682,FirePro V8700,1539,527,12630.4,9.75,102.0,2015,Unknown,AMD
261,685,Radeon HD 4890,1533,103,7199.2,17.04,69.0,2012,Desktop,AMD
262,686,GeForce GT 740,1529,344,18959.2,6.45,89.0,2014,Desktop,NVIDIA
263,694,Quadro 4000,1489,366,78319.2,1.52,100.0,2010,Workstation,NVIDIA
264,696,Radeon R9 255,1485,395,27532.8,4.31,94.0,2014,Desktop,AMD
265,709,GeForce GTX 660M,1414,271,6319.2,17.91,81.0,2012,Mobile,NVIDIA
266,714,GeForce GTX 275,1401,106,34537.6,3.24,73.0,2012,Desktop,NVIDIA
267,716,Radeon HD 4870,1391,72,6399.2,17.39,66.0,2012,Desktop,AMD
268,719,Radeon R9 M370X,1374,346,71120.0,1.55,96.0,2015,Mobile,AMD
269,723,Radeon HD 5770,1351,328,15199.2,7.11,86.0,2012,Desktop,AMD
270,724,Quadro K2100M,1348,281,33279.2,3.24,85.0,2013,Workstation,NVIDIA
271,731,GeForce GTS 450,1321,303,6399.2,16.52,83.0,2012,Desktop,NVIDIA
272,738,Quadro 4000M,1307,256,18564.8,5.63,81.0,2011,Workstation,NVIDIA
273,744,Radeon Vega 6,1296,353,143999.2,0.72,108.0,2018,Unknown,AMD
274,749,FirePro 3D V8750,1272,542,98479.2,1.03,115.0,2009,Workstation,AMD
275,750,FirePro V5900,1271,352,6880.0,14.78,86.0,2011,Workstation,AMD
276,755,Quadro FX 5800,1248,134,21920.0,4.55,72.0,2009,Workstation,NVIDIA
277,764,FirePro 3D V5800,1232,339,16320.0,6.04,86.0,2010,Workstation,AMD
278,766,Radeon HD 6770,1231,313,21199.2,4.65,85.0,2011,Desktop,AMD
279,768,GeForce GTX 260,1221,88,6399.2,15.27,66.0,2012,Desktop,NVIDIA
280,769,Radeon HD 7730,1217,402,18616.0,5.23,91.0,2015,Desktop,AMD
281,771,FirePro 3D V8700,1206,515,13605.6,7.09,99.0,2010,Workstation,AMD
282,780,FirePro V5800,1186,339,4240.0,22.37,84.0,2016,Unknown,AMD
283,782,GeForce GT 640,1182,285,8799.2,10.74,81.0,2011,Desktop,NVIDIA
284,783,GeForce GTX 280,1181,121,41822.4,2.26,74.0,2012,Desktop,NVIDIA
285,785,GeForce GTX 295,1171,150,12799.2,7.32,71.0,2009,Desktop,NVIDIA
286,788,Barco MXRT 5400,1161,457,16240.0,5.72,95.0,2016,Unknown,AMD
287,791,Radeon HD 5750,1156,336,5599.2,16.52,84.0,2012,Desktop,AMD
288,792,Radeon R7 250,1151,296,15197.6,6.06,83.0,2013,Desktop,AMD
289,797,NVS 810,1141,313,49999.2,1.83,89.0,2016,Unknown,NVIDIA
290,808,Radeon R9 M275,1115,569,55999.2,1.59,109.0,2014,Mobile,AMD
291,809,Radeon R7 430,1110,416,15999.2,5.55,91.0,2017,Unknown,AMD
292,815,GeForce GT 545,1096,342,4447.2,19.71,84.0,2012,Unknown,NVIDIA
293,821,Quadro K1100M,1082,250,25839.2,3.35,80.0,2013,Workstation,NVIDIA
294,823,Barco MXRT 5450,1079,478,15999.2,5.4,96.0,2013,Unknown,AMD
295,848,Quadro K2000M,1027,256,11523.2,7.13,78.0,2012,Workstation,NVIDIA
296,850,Quadro 3000M,1024,323,5599.2,14.63,82.0,2011,Workstation,NVIDIA
297,860,Radeon HD 6750,1005,304,6399.2,12.57,81.0,2011,Desktop,AMD
298,869,Radeon HD 8570,991,308,7894.4,10.04,81.0,2013,Desktop,AMD
299,870,Quadro 2000D,989,324,11200.0,7.06,83.0,2011,Unknown,NVIDIA
300,877,Quadro FX 4800,979,106,16320.0,4.8,67.0,2012,Workstation,NVIDIA
301,881,FirePro V4900,974,318,11999.2,6.5,83.0,2012,Workstation,AMD
302,896,Radeon HD 4850,953,110,30240.0,2.52,70.0,2012,Desktop,AMD
303,901,Quadro CX,947,454,11996.0,6.32,93.0,2009,Unknown,NVIDIA
304,908,Quadro 2000,942,294,17058.4,4.42,81.0,2010,Workstation,NVIDIA
305,910,Radeon R7 A12-9800E RADEON,941,257,11135.2,6.76,78.0,2017,Unknown,AMD
306,912,Radeon R5 430,939,313,4720.0,15.92,81.0,2017,Unknown,AMD
307,915,Radeon R7 PRO A10-9700E,933,234,42320.0,1.76,81.0,2017,Unknown,AMD
308,928,Radeon R7 M445,913,182,59520.0,1.23,79.0,2017,Unknown,AMD
309,935,Radeon HD 4770,906,172,4799.2,15.1,70.0,2011,Desktop,AMD
310,936,Barco MXRT 7400,901,682,7920.0,9.1,109.0,2013,Unknown,AMD
311,938,Barco MXRT 2600,900,649,15920.0,4.52,108.0,2018,Unknown,AMD
312,942,FirePro W2100,890,327,4720.0,15.09,82.0,2014,Workstation,AMD
313,944,Radeon Vega 3,889,309,214239.2,0.33,112.0,2018,Unknown,AMD
314,953,Radeon E6760,877,485,19199.2,3.65,96.0,2012,Unknown,AMD
315,963,Radeon R7 240,863,258,8799.2,7.84,77.0,2013,Desktop,AMD
316,965,Radeon HD 4830,860,81,4799.2,14.34,63.0,2012,Desktop,AMD
317,968,FirePro 3D V4800,854,324,12799.2,5.33,82.0,2010,Workstation,AMD
318,972,GeForce GT 635,852,242,5355.2,12.73,75.0,2013,Unknown,NVIDIA
319,982,Radeon 520,833,216,7199.2,9.26,73.0,2017,Unknown,AMD
320,988,3DP Edition,827,931,92799.2,0.71,140.0,2018,Unknown,AMD
321,1000,GeForce GT 730,812,238,8799.2,7.38,75.0,2014,Desktop,NVIDIA
322,1002,GRID K1,811,463,31600.0,2.05,96.0,2013,Workstation,AMD
323,1007,GeForce 9800 GX2,798,518,15600.0,4.09,97.0,2009,Desktop,NVIDIA
324,1013,Radeon HD 5670,784,279,5360.0,11.71,77.0,2012,Desktop,AMD
325,1018,Quadro FX 3800,780,100,20730.4,3.01,66.0,2009,Workstation,NVIDIA
326,1024,Quadro K420,775,280,21520.0,2.88,80.0,2014,Workstation,NVIDIA
327,1027,GeForce GT 340,774,469,4239.2,14.62,92.0,2011,Desktop,NVIDIA
328,1029,Quadro 2000M,773,249,18379.2,3.37,77.0,2012,Workstation,NVIDIA
329,1030,Quadro K1000M,773,244,5596.0,11.05,75.0,2012,Workstation,NVIDIA
330,1038,GeForce 9800 GTX,769,366,5999.2,10.26,84.0,2009,Desktop,NVIDIA
331,1039,Quadro K600,769,263,4819.2,12.77,76.0,2013,Workstation,NVIDIA
332,1041,GeForce GT 440,766,238,18000.0,3.4,76.0,2010,Desktop,NVIDIA
333,1048,Radeon R7 A12-9720P RADEON,759,186,29238.4,2.08,74.0,2017,Unknown,AMD
334,1067,Radeon HD 6670,745,236,5519.2,10.8,74.0,2012,Desktop,AMD
335,1079,NVS 510,730,276,11199.2,5.21,78.0,2012,Workstation,NVIDIA
336,1083,Radeon R7 FX-9800P RADEON,727,197,42400.0,1.37,77.0,2016,Unknown,AMD
337,1102,Quadro K610M,708,239,19200.0,2.95,76.0,2014,Workstation,NVIDIA
338,1110,Radeon R7 A12-9700P RADEON,703,165,34873.6,1.61,73.0,2016,Unknown,AMD
339,1121,GeForce GT 555M,688,124,14176.0,3.88,67.0,2011,Mobile,NVIDIA
340,1125,GeForce GT 630,683,208,11760.8,4.65,72.0,2012,Desktop,NVIDIA
341,1131,GeForce GT 530,676,227,3920.0,13.79,73.0,2011,Desktop,NVIDIA
342,1136,GeForce GT 640M LE,673,166,67999.2,0.79,78.0,2012,Mobile,NVIDIA
343,1141,Quadro 500M,664,588,22011.2,2.41,103.0,2013,Workstation,NVIDIA
344,1143,FirePro V3900,662,242,19075.2,2.78,76.0,2012,Workstation,AMD
345,1145,FireGL V7700,660,422,5599.2,9.43,87.0,2011,Workstation,AMD
346,1168,GeForce GT 710,637,214,8239.2,6.18,72.0,2014,Desktop,NVIDIA
347,1178,GeForce 9800 GTX/9800 GTX+,632,128,7199.2,7.02,65.0,2009,Unknown,NVIDIA
348,1197,GeForce GTS 240,622,212,5199.2,9.57,71.0,2009,Desktop,NVIDIA
349,1204,GeForce GTS 250,618,91,5599.2,8.84,62.0,2012,Desktop,NVIDIA
350,1209,Radeon HD 7570,613,265,8199.2,5.99,76.0,2012,Desktop,AMD
351,1216,GeForce GT 720,606,196,7999.2,6.06,70.0,2014,Desktop,NVIDIA
352,1220,GeForce GT 430,603,191,11199.2,4.31,71.0,2012,Desktop,NVIDIA
353,1224,Quadro 1000M,599,201,4360.0,10.99,70.0,2012,Workstation,NVIDIA
354,1226,GeForce 8800 GTX,597,105,9599.2,4.98,64.0,2012,Desktop,NVIDIA
355,1252,Radeon HD 3870,576,82,5599.2,8.22,61.0,2012,Desktop,AMD
356,1258,Radeon R5 420,575,230,3196.0,14.39,72.0,2017,Unknown,AMD
357,1267,Radeon HD 7650A,564,311,20960.0,2.15,81.0,2012,Unknown,AMD
358,1269,Intel HD 5000,563,231,50000.0,0.9,79.0,2013,Unknown,AMD
359,1271,Quadro FX 5600,562,168,23600.0,1.9,71.0,2009,Unknown,NVIDIA
360,1282,FireGL V8650,550,637,23919.2,1.84,106.0,2010,Workstation,AMD
361,1287,FirePro 3D V5700,547,517,25599.2,1.71,97.0,2009,Workstation,AMD
362,1288,Quadro 600,546,225,6080.0,7.18,72.0,2012,Workstation,NVIDIA
363,1290,FirePro 3D V7750,545,468,28000.0,1.56,94.0,2009,Workstation,AMD
364,1295,GeForce GT 240,543,78,12877.6,3.37,62.0,2012,Desktop,NVIDIA
365,1319,Radeon R5 240,520,191,6800.0,6.11,69.0,2014,Desktop,AMD
366,1320,GeForce 8800 GT,519,85,5599.2,7.42,61.0,2009,Desktop,NVIDIA
367,1327,Radeon R5 330,513,200,27199.2,1.51,73.0,2017,Desktop,AMD
368,1335,GeForce 9600 GT,505,60,5199.2,7.77,59.0,2011,Desktop,NVIDIA
369,1344,Radeon HD 6570,496,193,5104.8,7.78,69.0,2012,Desktop,AMD
370,1347,GeForce GT 540M,493,86,7036.0,5.61,61.0,2012,Mobile,NVIDIA
371,1356,Radeon HD 7670M,485,123,50399.2,0.77,71.0,2012,Mobile,AMD
372,1357,GeForce 9800 GT,481,94,5999.2,6.41,62.0,2012,Desktop,NVIDIA
373,1368,Radeon HD 5570,473,177,13119.2,2.89,69.0,2012,Desktop,AMD
374,1370,FirePro 3D V3800,472,507,11999.2,3.15,94.0,2010,Workstation,AMD
375,1379,Quadro FX 3700M,467,117,74000.0,0.5,74.0,2009,Workstation,NVIDIA
376,1383,FirePro V5700,465,469,15044.8,2.47,91.0,2015,Unknown,AMD
377,1387,GeForce 9800M GTX,462,117,26280.0,1.41,66.0,2009,Mobile,NVIDIA
378,1396,Radeon R7 M260,452,117,63920.0,0.57,72.0,2014,Mobile,AMD
379,1408,GeForce GT 320,444,92,2615.2,13.59,61.0,2010,Desktop,NVIDIA
380,1412,GeForce 8800 GTS,440,56,6399.2,5.5,59.0,2012,Desktop,NVIDIA
381,1413,Quadro FX 4600,437,202,26660.0,1.31,73.0,2009,Workstation,NVIDIA
382,1414,Quadro 410,436,218,10320.0,3.38,71.0,2012,Workstation,NVIDIA
383,1419,Quadro FX 2800M,433,80,15200.0,2.28,62.0,2010,Workstation,NVIDIA
384,1429,GeForce GT 330,422,119,3199.2,10.55,63.0,2010,Unknown,NVIDIA
385,1437,GeForce GT 420,411,187,12400.0,2.65,69.0,2010,Desktop,NVIDIA
386,1444,Quadro FX 1800,405,90,10800.0,3.0,62.0,2009,Workstation,NVIDIA
387,1457,Quadro FX 3700,384,158,17061.6,1.8,68.0,2010,Workstation,NVIDIA
388,1458,Radeon HD 4670,384,50,11436.8,2.69,59.0,2012,Desktop,AMD
389,1459,Radeon HD 5550,383,187,4399.2,6.97,68.0,2010,Desktop,AMD
390,1462,Radeon HD 6490M,378,514,95442.4,0.32,106.0,2011,Mobile,AMD
391,1473,GeForce GT 620,365,162,12320.0,2.37,67.0,2012,Desktop,NVIDIA
392,1479,Quadro FX 2700M,358,74,7996.0,3.58,60.0,2009,Workstation,NVIDIA
393,1481,GeForce GT 705,355,180,23740.8,1.2,70.0,2014,Desktop,NVIDIA
394,1486,GeForce 9600 GSO,350,118,3999.2,7.0,62.0,2009,Desktop,NVIDIA
395,1487,GeForce GT 130,347,143,12107.2,2.3,66.0,2009,Desktop,NVIDIA
396,1489,GeForce 7950 GT,344,189,16319.2,1.69,70.0,2011,Desktop,NVIDIA
397,1490,FireGL V5600,341,445,18000.0,1.52,89.0,2009,Workstation,AMD
398,1491,FirePro 3D V3750,341,467,4070.4,6.71,89.0,2009,Workstation,AMD
399,1497,FirePro RG220,335,552,52014.4,0.52,102.0,2011,Workstation,AMD
400,1498,Intel HD 4000,333,187,127436.0,0.21,86.0,2012,Unknown,AMD
401,1499,FirePro V3800,332,188,9999.2,2.66,68.0,2016,Unknown,AMD
402,1501,Radeon R4,332,101,31759.2,0.84,65.0,2014,Unknown,AMD
403,1502,Radeon R5 310,332,545,39920.0,0.66,100.0,2015,Unknown,AMD
404,1507,Radeon R5 235,329,176,4810.4,5.47,67.0,2014,Desktop,AMD
405,1513,GeForce GT 230,322,80,3519.2,7.32,59.0,2009,Unknown,NVIDIA
406,1519,Radeon HD 7470,316,177,6509.6,3.89,67.0,2012,Desktop,AMD
407,1524,Quadro FX 3500M,306,309,7999.2,3.06,77.0,2009,Workstation,NVIDIA
408,1525,GeForce 605,305,179,10946.4,2.23,68.0,2012,Unknown,NVIDIA
409,1527,GeForce GT 610,303,127,11199.2,2.16,64.0,2012,Desktop,NVIDIA
410,1532,GeForce GT 520,297,126,24320.0,0.98,66.0,2011,Desktop,NVIDIA
411,1539,Quadro FX 3500,292,106,5518.4,4.23,61.0,2009,Workstation,NVIDIA
412,1541,GeForce 7800 GTX,291,196,5728.0,4.06,68.0,2009,Desktop,NVIDIA
413,1544,GeForce GT 520M,288,74,2396.0,9.62,58.0,2012,Mobile,NVIDIA
414,1547,NVS 315,286,187,5599.2,4.09,67.0,2014,Workstation,NVIDIA
415,1548,Mobile Intel HD,285,164,38398.4,0.59,71.0,2011,Unknown,AMD
416,1551,Radeon HD 2600 XT,283,371,12720.0,1.78,82.0,2011,Desktop,AMD
417,1564,Radeon HD 8490,265,173,7199.2,2.94,67.0,2014,Desktop,AMD
418,1568,GeForce 7900 GT,258,160,15920.0,1.3,67.0,2009,Desktop,NVIDIA
419,1570,GeForce 510,257,199,5599.2,3.67,68.0,2011,Desktop,NVIDIA
420,1571,Intel HD 3000,257,47,75600.0,0.27,67.0,2012,Unknown,AMD
421,1572,NVS 4200M,257,75,31920.0,0.64,63.0,2012,Workstation,NVIDIA
422,1583,GeForce 7800 GT,244,273,6400.0,3.05,74.0,2009,Desktop,NVIDIA
423,1585,NVS 310,242,179,4964.8,3.9,66.0,2012,Workstation,NVIDIA
424,1586,Quadro FX 5500,242,394,159920.0,0.12,106.0,2009,Workstation,NVIDIA
425,1590,Radeon HD4650,240,99,12232.0,1.57,62.0,2012,Unknown,AMD
426,1595,Radeon HD 4550,236,429,12480.0,1.51,86.0,2012,Desktop,AMD
427,1599,Radeon HD 6470M,228,104,45599.2,0.4,67.0,2012,Mobile,AMD
428,1600,Quadro FX 4500,226,143,13520.0,1.34,65.0,2009,Workstation,NVIDIA
429,1601,GT 430,223,325,11430.4,1.56,78.0,2013,Unknown,AMD
430,1602,Radeon R5 230,222,255,6488.0,2.74,72.0,2018,Unknown,AMD
431,1603,HD6450,221,417,8656.0,2.04,85.0,2016,Unknown,AMD
432,1605,Radeon HD 7450,221,147,3999.2,4.42,64.0,2012,Desktop,AMD
433,1610,Radeon HD 4650,219,39,5599.2,3.13,56.0,2011,Desktop,AMD
434,1611,Quadro FX 2500M,218,272,1400.0,12.45,73.0,2009,Workstation,NVIDIA
435,1619,GeForce GT 220,211,56,3199.2,5.28,57.0,2012,Desktop,NVIDIA
436,1620,Radeon HD 2600 PRO,211,337,15075.2,1.12,80.0,2011,Desktop,AMD
437,1631,Quadro NVS 290,205,59,4720.0,3.47,57.0,2009,Unknown,NVIDIA
438,1632,GeForce 7600 GT,204,101,15920.0,1.02,62.0,2009,Desktop,NVIDIA
439,1633,Radeon HD 6380G,204,97,31999.2,0.51,64.0,2012,Mobile,AMD
440,1634,GeForce 7950 GX2,202,413,4399.2,3.67,84.0,2009,Desktop,NVIDIA
441,1638,Radeon HD 6450,200,120,7120.0,2.25,62.0,2011,Desktop,AMD
442,1639,RADEON HD7450,199,215,1780.0,8.95,68.0,2014,Unknown,AMD
443,1640,Quadro FX 770M,198,92,42160.0,0.38,65.0,2009,Workstation,NVIDIA
444,1652,Quadro FX 1500,190,105,9200.8,1.65,61.0,2009,Workstation,NVIDIA
445,1654,GeForce 505,187,587,9204.8,1.62,98.0,2013,Unknown,NVIDIA
446,1655,Quadro FX 1600M,186,211,11992.0,1.24,70.0,2009,Workstation,NVIDIA
447,1657,Quadro FX 380,186,151,5800.0,2.56,64.0,2012,Workstation,NVIDIA
448,1661,FireGL V3600,180,399,12879.2,1.12,84.0,2009,Workstation,AMD
449,1662,FirePro 3D V3700,179,466,6799.2,2.1,88.0,2011,Workstation,AMD
450,1666,GeForce GT 120,175,91,2399.2,5.82,59.0,2009,Desktop,NVIDIA
451,1673,FirePro 2460,170,352,6719.2,2.03,79.0,2012,Workstation,AMD
452,1678,Radeon HD 8350,165,233,7984.8,1.65,71.0,2013,Desktop,AMD
453,1680,GeForce 8600 GTS,161,35,19359.2,0.67,57.0,2012,Desktop,NVIDIA
454,1681,GeForce 315,159,66,2639.2,4.83,57.0,2010,Desktop,NVIDIA
455,1682,GeForce 7600 GS,158,55,14000.0,0.9,58.0,2012,Desktop,NVIDIA
456,1685,Radeon HD 7340,157,57,44215.2,0.28,63.0,2012,Unknown,AMD
457,1686,Quadro FX 570,156,140,9200.0,1.36,64.0,2009,Workstation,NVIDIA
458,1688,Quadro FX 580,155,58,10400.0,1.19,58.0,2009,Workstation,NVIDIA
459,1694,Radeon HD 3650 AGP,150,155,14800.0,0.81,66.0,2011,Unknown,AMD
460,1695,Quadro FX 3450,149,235,9599.2,1.24,71.0,2009,Workstation,NVIDIA
461,1698,Radeon HD 6320,148,45,44399.2,0.27,62.0,2011,Mobile,AMD
462,1699,FirePro 2270,147,195,10720.0,1.1,68.0,2012,Workstation,AMD
463,1700,GeForce G100,147,56,1599.2,7.33,56.0,2012,Unknown,NVIDIA
464,1703,Quadro 400,146,67,16880.0,0.69,59.0,2011,Workstation,NVIDIA
465,1712,RADEON HD 6350,141,171,4720.0,2.39,65.0,2011,Desktop,AMD
466,1720,Radeon HD 5450,138,149,7596.8,1.45,64.0,2012,Desktop,AMD
467,1721,GeForce 6600 GT,137,67,5196.0,2.11,57.0,2010,Desktop,NVIDIA
468,1722,GeForce 9650M GT,137,62,9384.0,1.17,58.0,2009,Mobile,NVIDIA
469,1725,GeForce 7300 GT,135,39,11999.2,0.9,56.0,2009,Desktop,NVIDIA
470,1726,GeForce 9500 GT,135,40,6879.2,1.57,56.0,2009,Desktop,NVIDIA
471,1728,Mobility Radeon HD 4570,135,26,6072.0,1.78,54.0,2011,Mobile,AMD
472,1730,Radeon R5 220,135,112,6820.8,1.58,61.0,2015,Desktop,AMD
473,1731,EAH5450,134,216,8799.2,1.22,69.0,2017,Unknown,AMD
474,1735,GeForce 9600M GT,132,39,6256.0,1.69,55.0,2009,Mobile,NVIDIA
475,1737,Mobility Radeon HD 3650,130,48,5882.4,1.77,56.0,2009,Mobile,AMD
476,1742,FireGL V7300,128,322,95199.2,0.11,90.0,2009,Workstation,AMD
477,1744,GeForce 8400 GS,128,32,6877.6,1.49,55.0,2012,Desktop,NVIDIA
478,1748,GeForce 9300,127,385,4720.0,2.15,81.0,2009,Unknown,NVIDIA
479,1754,Quadro FX 1400,124,152,19600.8,0.51,66.0,2011,Workstation,NVIDIA
480,1761,GeForce 310,122,61,8668.0,1.12,57.0,2010,Desktop,NVIDIA
481,1762,GeForce 405,122,60,1971.2,4.96,56.0,2011,Unknown,NVIDIA
482,1766,Radeon HD 2400,121,298,7056.0,1.37,75.0,2012,Unknown,AMD
483,1773,Quadro FX 1700,118,44,28011.2,0.34,59.0,2009,Workstation,NVIDIA
484,1774,Radeon HD 3450,118,29,7120.0,1.33,55.0,2011,Desktop,AMD
485,1775,FireMV 2260,117,488,7046.4,1.33,89.0,2011,Workstation,AMD
486,1776,GeForce 8600 GT,117,63,15680.0,0.6,59.0,2012,Desktop,NVIDIA
487,1783,FireGL V5200,115,348,10672.0,0.86,79.0,2009,Workstation,AMD
488,1789,NVS 300,114,60,5037.6,1.81,57.0,2011,Workstation,NVIDIA
489,1790,Quadro FX 560,114,360,12020.0,0.76,80.0,2009,Workstation,NVIDIA
490,1793,GeForce 6800,113,258,44743.2,0.2,78.0,2009,Desktop,NVIDIA
491,1799,FireGL V7350,111,344,9553.6,0.93,79.0,2011,Workstation,AMD
492,1802,GeForce 9300 GS,111,95,4796.0,1.85,59.0,2009,Desktop,NVIDIA
493,1819,GeForce 9400 GT,105,60,12799.2,0.66,58.0,2010,Desktop,NVIDIA
494,1822,GeForce 9500M,104,320,8096.0,1.02,77.0,2009,Unknown,NVIDIA
495,1828,GeForce G210,103,50,9769.6,0.84,57.0,2009,Unknown,NVIDIA
496,1830,Radeon HD 4350,103,34,8179.2,1.0,55.0,2012,Desktop,AMD
497,1831,GeForce 8300,102,168,1814.4,4.48,64.0,2009,Unknown,NVIDIA
498,1837,GeForce 8400M GS,98,47,6256.0,1.25,56.0,2009,Mobile,NVIDIA
499,1838,GeForce 9300GE,98,367,7776.0,1.01,80.0,2009,Unknown,NVIDIA
500,1842,Radeon 3000,98,414,25520.0,0.31,86.0,2012,Unknown,AMD
501,1844,GeForce 210,97,39,4393.6,1.77,55.0,2009,Desktop,NVIDIA
502,1853,FireGL V5100,93,250,9196.8,0.81,72.0,2009,Workstation,AMD
503,1860,GeForce 9300M GS,92,33,3473.6,2.12,54.0,2009,Mobile,NVIDIA
504,1868,Radeon HD 3470,90,95,8772.0,0.82,60.0,2011,Desktop,AMD
505,1870,GeForce 8600M GT,89,42,8648.0,0.82,56.0,2011,Mobile,NVIDIA
506,1871,GeForce 6600,88,69,21120.0,0.33,60.0,2009,Desktop,NVIDIA
507,1875,ION,86,20,18399.2,0.37,56.0,2009,Unknown,NVIDIA
508,1879,Radeon X1650 Pro,85,241,12871.2,0.53,71.0,2010,Desktop,AMD
509,1881,GeForce 9300 GE,84,54,1839.2,3.66,56.0,2009,Desktop,NVIDIA
510,1883,Quadro FX 370,84,385,10000.0,0.67,82.0,2009,Workstation,NVIDIA
511,1896,GeForce 8400,81,160,47199.2,0.14,71.0,2009,Unknown,NVIDIA
512,1898,Quadro FX 540,81,294,4799.2,1.35,74.0,2009,Workstation,NVIDIA
513,1903,GeForce 7300 LE,78,85,2560.0,2.43,58.0,2012,Desktop,NVIDIA
514,1910,Quadro NVS 295,75,73,5040.0,1.19,57.0,2009,Workstation,NVIDIA
515,1914,Radeon 3100,74,228,18079.2,0.33,71.0,2012,Unknown,AMD
516,1920,FireGL V7100,72,223,26293.6,0.22,72.0,2009,Workstation,AMD
517,1931,Quadro NVS 420,70,186,12000.0,0.47,67.0,2009,Unknown,NVIDIA
518,1934,Quadro FX 3000,69,178,13328.8,0.41,67.0,2009,Workstation,NVIDIA
519,1942,256MB RADEON X600,67,252,12839.2,0.42,72.0,2009,Unknown,AMD
520,1946,Radeon X1550,67,253,12400.0,0.43,72.0,2009,Desktop,AMD
521,1954,Quadro FX 550,64,325,23025.6,0.22,79.0,2009,Workstation,NVIDIA
522,1955,Quadro NVS 450,64,154,12720.0,0.4,65.0,2009,Unknown,NVIDIA
523,1963,Radeon 2100,60,286,13943.2,0.34,75.0,2009,Unknown,AMD
524,1972,RADEON 9800,58,191,26000.0,0.18,69.0,2010,Desktop,AMD
525,1973,Radeon X1300,58,237,7662.4,0.61,70.0,2009,Desktop,AMD
526,1987,FirePro 2450,51,482,7199.2,0.57,88.0,2010,Workstation,AMD
527,1994,128MB RADEON X600 SE,49,229,4494.4,0.87,69.0,2009,Unknown,AMD
528,2006,FireMV 2250,46,290,8320.0,0.44,74.0,2009,Unknown,AMD
529,2040,Quadro NVS 285,39,185,13588.8,0.23,67.0,2012,Unknown,NVIDIA
530,2044,Quadro NVS 285 128MB,38,313,4400.0,0.7,75.0,2009,Unknown,NVIDIA
531,2045,Quadro NVS 440,38,358,18309.6,0.16,81.0,2009,Unknown,NVIDIA
532,2051,FireMV 2200 PCIe,36,259,7199.2,0.4,72.0,2011,Workstation,AMD
533,2053,Quadro FX 1100,36,178,17039.2,0.17,67.0,2009,Workstation,NVIDIA
534,2054,RADEON 9500,36,173,3240.0,0.9,64.0,2011,Desktop,AMD
535,2056,GeForce 6200,35,58,7999.2,0.35,57.0,2009,Desktop,NVIDIA
536,2060,RADEON 9550,35,145,23339.2,0.12,65.0,2009,Desktop,AMD
537,2082,GeForce 6200 LE,31,89,3299.2,0.75,58.0,2012,Desktop,NVIDIA
538,2124,GeForce 6150,22,250,26320.0,0.07,74.0,2012,Unknown,NVIDIA
539,2165,GeForce FX 5200,8,154,10320.0,0.06,64.0,2010,Desktop,NVIDIA
540,2166,GeForce FX 5500,8,152,12317.6,0.05,64.0,2009,Desktop,NVIDIA
541,2173,Quadro NVS 280 PCI,8,261,10400.0,0.06,72.0,2009,Unknown,NVIDIA
542,2175,GeForce FX 5200LE,7,170,3439.2,0.16,64.0,2009,Unknown,NVIDIA
543,2191,GeForce4 Ti 4600,6,173,4319.2,0.1,64.0,2009,Desktop,NVIDIA
544,2206,GeForce 256,5,201,3363.2,0.12,66.0,2009,Unknown,NVIDIA
545,2226,Quadro4 980 XGL,5,181,27314.4,0.01,69.0,2009,Unknown,NVIDIA
546,2237,GeForce 6200A,4,117,4399.2,0.07,60.0,2014,Desktop,NVIDIA
547,2253,RADEON 9200,4,135,12290.4,0.02,63.0,2009,Desktop,AMD
548,2277,Matrox Parhelia 128MB,3,107,31519.2,0.01,64.0,2009,Unknown,AMD
549,2282,RADEON 7200,3,94,47999.2,0.0,65.0,2011,Unknown,AMD
550,2283,RADEON 7500,3,35,14180.0,0.02,56.0,2012,Desktop,AMD
551,2287,RADEON 9250,3,127,15520.0,0.01,63.0,2009,Desktop,AMD
552,2298,Dell 8100,2,58,79928.8,0.0,67.0,2012,Unknown,AMD
